epoch,FID,KID_mean,KID_std
100,287.1575806770512,0.3822536039352417,0.01322342932500635
200,279.1176003195892,0.3720850968360901,0.014890365888597289
300,180.90123680289776,0.2220833706855774,0.013653869423059626
400,118.28293080510372,0.11366640567779542,0.01241322344926878
500,78.60161436254933,0.06985470533370972,0.012575985343741521
600,70.44071297797679,0.0661162519454956,0.013641782785358242
700,62.43674469097416,0.051166574954986575,0.010230175275745716
